{
  "posts": [
    {
      "id": 1,
      "name": "Goa",
      "population": 1458545,
      "GDP":91417,
      "language": "Konkani",
      "attraction": "Aguada Fort",
      "img":"goa.jpg"
    },

    {
      
      "id": 7,
      "name": "Kerala",
      "population": 33406061,
      "GDP": 257711 ,
      "language": "Malyalam",
      "attraction": "Allepy",
      "img": "kerala.jpg"
    },
    {
      "id": 3,
      "name": "Assam",
      "population": 31205576,
      "GDP": 122654 ,
      "language": "Assamese",
      "attraction": "Kaziranga National Park",
      "img": "Assam.jpg"
    },
    {
      "id": 4,
      "name": "Rajasthan",
      "population": 7598778,
      "GDP": 625879,
      "language": "Rajasthani",
      "attraction": "Ranthambore National Park",
      "img": "rajasthan.jpg"
    },
    {
      "id": 2,
      "name": "Gujrat",
      "population": 57876587,
      "GDP": 6995687,
      "language": "Gujrati",
      "attraction": "Rann of Kutch",
      "img": "gujrat.jpg"
    },
    {
      "id": 8,
      "name": "Punjab",
      "population": 353778,
      "GDP": 397979,
      "language": "Punjabi",
      "attraction": "Golden temple",
      "img": "punjab.jpg"
    },
    {
      "id": 5,
      "name": "Karnataka",
      "population": 7364578,
      "GDP": 6245879,
      "language": "Kannada",
      "attraction": "Mysore Palace",
      "img": "karnataka.jpg"
    },
    {
      "id": 6,
      "name": "West-Bengal",
      "population": 7364578,
      "GDP": 6245879,
      "language": "Bengali",
      "attraction": "Birbhum",
      "img": "bengal.jpg"
    }
  ],
  "comments": [],
  "profile": {
    "name": "typicode"
  }
}